Transmission_BW (bps),Transmission_BW (kbps),ImgHeight,ImgWidth,Datasize,Tx_true,Datasize (bits),Tx_calc
"10,000,000","10,000",756,1344,88221,1.747554002,705768,0.0705768
"10,000,000","10,000",756,1344,87787,0.742132927,702296,0.0702296
"10,000,000","10,000",756,1344,87503,0.792194375,700024,0.0700024
"10,000,000","10,000",756,1344,86774,0.767896375,694192,0.0694192
"10,000,000","10,000",756,1344,85889,0.683767243,687112,0.0687112
"10,000,000","10,000",756,1344,86245,0.789582098,689960,0.068996
"10,000,000","10,000",756,1344,86619,0.727160488,692952,0.0692952
"10,000,000","10,000",756,1344,86704,0.714082709,693632,0.0693632
"10,000,000","10,000",756,1344,86269,0.735449746,690152,0.0690152
"10,000,000","10,000",756,1344,86045,0.735837577,688360,0.068836
"10,000,000","10,000",756,1344,86286,0.680187778,690288,0.0690288
"10,000,000","10,000",756,1344,85853,0.766392294,686824,0.0686824
"10,000,000","10,000",756,1344,85569,1.223670074,684552,0.0684552
"10,000,000","10,000",756,1344,85785,0.807614485,686280,0.068628
"10,000,000","10,000",756,1344,85713,0.729875986,685704,0.0685704
"10,000,000","10,000",756,1344,85544,0.724665062,684352,0.0684352
"10,000,000","10,000",756,1344,85319,0.710432872,682552,0.0682552
"10,000,000","10,000",756,1344,86461,0.689774437,691688,0.0691688
"10,000,000","10,000",756,1344,85054,0.711089387,680432,0.0680432
"10,000,000","10,000",756,1344,82138,0.718637327,657104,0.0657104
"10,000,000","10,000",756,1344,85642,0.709991041,685136,0.0685136
"10,000,000","10,000",756,1344,87977,0.729441529,703816,0.0703816
"10,000,000","10,000",756,1344,88030,0.666780329,704240,0.070424
"10,000,000","10,000",756,1344,89272,0.69170346,714176,0.0714176
"10,000,000","10,000",756,1344,89321,0.729697066,714568,0.0714568
"10,000,000","10,000",756,1344,96755,0.767735564,774040,0.077404
"10,000,000","10,000",756,1344,96206,0.705742897,769648,0.0769648
"10,000,000","10,000",756,1344,96566,0.706310829,772528,0.0772528
"10,000,000","10,000",756,1344,96902,0.690164081,775216,0.0775216
"10,000,000","10,000",756,1344,96906,0.684459446,775248,0.0775248
"10,000,000","10,000",756,1344,96271,0.72964956,770168,0.0770168
"10,000,000","10,000",756,1344,96591,0.789246497,772728,0.0772728
"10,000,000","10,000",756,1344,97010,0.731471766,776080,0.077608
"10,000,000","10,000",756,1344,96819,0.750098057,774552,0.0774552
"10,000,000","10,000",756,1344,96107,0.713431279,768856,0.0768856
"10,000,000","10,000",756,1344,96685,0.743762488,773480,0.077348
"10,000,000","10,000",756,1344,96714,0.781840623,773712,0.0773712
"10,000,000","10,000",756,1344,96686,0.741360196,773488,0.0773488
"10,000,000","10,000",756,1344,96188,0.75568937,769504,0.0769504
"10,000,000","10,000",756,1344,96635,0.725335751,773080,0.077308
"10,000,000","10,000",756,1344,96313,0.716963212,770504,0.0770504
"10,000,000","10,000",756,1344,96567,0.710849554,772536,0.0772536
"10,000,000","10,000",756,1344,96367,0.726724403,770936,0.0770936
"10,000,000","10,000",756,1344,96560,0.731482098,772480,0.077248
"10,000,000","10,000",756,1344,96799,0.709128844,774392,0.0774392
"10,000,000","10,000",756,1344,96757,0.779947048,774056,0.0774056
"10,000,000","10,000",756,1344,96368,0.692624121,770944,0.0770944
"10,000,000","10,000",756,1344,96900,0.690903337,775200,0.07752
"10,000,000","10,000",756,1344,97049,0.703876149,776392,0.0776392
"10,000,000","10,000",756,1344,97243,0.760049532,777944,0.0777944
"10,000,000","10,000",756,1344,96558,0.69811542,772464,0.0772464
"10,000,000","10,000",1071,1904,215903,0.87468188,1727224,0.1727224
"10,000,000","10,000",1071,1904,214996,0.871864894,1719968,0.1719968
"10,000,000","10,000",1071,1904,216477,0.852474073,1731816,0.1731816
"10,000,000","10,000",1071,1904,216720,0.854775038,1733760,0.173376
"10,000,000","10,000",1071,1904,218447,0.848400513,1747576,0.1747576
"10,000,000","10,000",1071,1904,218489,0.906663915,1747912,0.1747912
"10,000,000","10,000",1071,1904,218929,0.918473587,1751432,0.1751432
"10,000,000","10,000",1071,1904,218778,0.863133511,1750224,0.1750224
"10,000,000","10,000",1071,1904,220561,0.855546371,1764488,0.1764488
"10,000,000","10,000",1071,1904,220218,0.819051672,1761744,0.1761744
"10,000,000","10,000",1071,1904,219567,0.872122237,1756536,0.1756536
"10,000,000","10,000",1071,1904,219648,0.889799131,1757184,0.1757184
"10,000,000","10,000",1071,1904,219541,0.818108796,1756328,0.1756328
"10,000,000","10,000",1071,1904,219544,0.80026882,1756352,0.1756352
"10,000,000","10,000",1071,1904,219818,0.802495373,1758544,0.1758544
"10,000,000","10,000",1071,1904,218978,0.774663334,1751824,0.1751824
"10,000,000","10,000",1071,1904,221126,0.883299628,1769008,0.1769008
"10,000,000","10,000",1071,1904,220445,0.806259701,1763560,0.176356
"10,000,000","10,000",1071,1904,219813,0.807963063,1758504,0.1758504
"10,000,000","10,000",1071,1904,219378,0.788482492,1755024,0.1755024
"10,000,000","10,000",1071,1904,221288,0.859132361,1770304,0.1770304
"10,000,000","10,000",1071,1904,218395,0.804539888,1747160,0.174716
"10,000,000","10,000",1071,1904,218916,0.871720005,1751328,0.1751328
"10,000,000","10,000",1071,1904,220166,0.807663129,1761328,0.1761328
"10,000,000","10,000",1071,1904,148762,0.760522083,1190096,0.1190096
"10,000,000","10,000",1071,1904,147224,0.751815771,1177792,0.1177792
"10,000,000","10,000",1071,1904,147721,0.753381034,1181768,0.1181768
"10,000,000","10,000",1071,1904,148670,0.816343455,1189360,0.118936
"10,000,000","10,000",1071,1904,155683,0.756818053,1245464,0.1245464
"10,000,000","10,000",1071,1904,156004,0.849956685,1248032,0.1248032
"10,000,000","10,000",1071,1904,158083,0.82125445,1264664,0.1264664
"10,000,000","10,000",1071,1904,159388,0.813204561,1275104,0.1275104
"10,000,000","10,000",1071,1904,162470,0.769579299,1299760,0.129976
"10,000,000","10,000",1071,1904,163457,0.818386233,1307656,0.1307656
"10,000,000","10,000",1071,1904,160916,0.875667838,1287328,0.1287328
"10,000,000","10,000",1071,1904,160705,0.832135471,1285640,0.128564
"10,000,000","10,000",1071,1904,165934,0.837536801,1327472,0.1327472
"10,000,000","10,000",1071,1904,160918,0.787549012,1287344,0.1287344
"10,000,000","10,000",1071,1904,162966,0.89337737,1303728,0.1303728
"10,000,000","10,000",1071,1904,164590,0.777381855,1316720,0.131672
"10,000,000","10,000",1071,1904,169428,0.751389565,1355424,0.1355424
"10,000,000","10,000",1071,1904,166048,0.761878219,1328384,0.1328384
"10,000,000","10,000",1071,1904,165121,0.766341708,1320968,0.1320968
"10,000,000","10,000",1071,1904,164485,0.768767609,1315880,0.131588
"10,000,000","10,000",1071,1904,167841,0.839028088,1342728,0.1342728
"10,000,000","10,000",1071,1904,164473,0.796956071,1315784,0.1315784
"10,000,000","10,000",1071,1904,164911,0.787229825,1319288,0.1319288
"10,000,000","10,000",1071,1904,165004,0.759911159,1320032,0.1320032
"10,000,000","10,000",1071,1904,171185,0.794768519,1369480,0.136948
"10,000,000","10,000",1512,2688,657912,1.294463311,5263296,0.5263296
"10,000,000","10,000",1512,2688,653595,1.295026754,5228760,0.522876
"10,000,000","10,000",1512,2688,665971,1.285698744,5327768,0.5327768
"10,000,000","10,000",1512,2688,657277,1.192013438,5258216,0.5258216
"10,000,000","10,000",1512,2688,652841,1.184570696,5222728,0.5222728
"10,000,000","10,000",1512,2688,652694,1.271096268,5221552,0.5221552
"10,000,000","10,000",1512,2688,665188,1.372574746,5321504,0.5321504
"10,000,000","10,000",1512,2688,654533,1.562577906,5236264,0.5236264
"10,000,000","10,000",1512,2688,652190,1.272505138,5217520,0.521752
"10,000,000","10,000",1512,2688,649918,1.521381451,5199344,0.5199344
"10,000,000","10,000",1512,2688,655144,1.268676389,5241152,0.5241152
"10,000,000","10,000",1512,2688,651740,1.220218032,5213920,0.521392
"10,000,000","10,000",1512,2688,650993,1.296088567,5207944,0.5207944
"10,000,000","10,000",1512,2688,647780,1.248407201,5182240,0.518224
"10,000,000","10,000",1512,2688,658329,1.198217173,5266632,0.5266632
"10,000,000","10,000",1512,2688,651466,1.314312377,5211728,0.5211728
"10,000,000","10,000",1512,2688,646869,1.287719957,5174952,0.5174952
"10,000,000","10,000",1512,2688,646254,1.194810049,5170032,0.5170032
"10,000,000","10,000",1512,2688,653335,1.203780398,5226680,0.522668
"10,000,000","10,000",1512,2688,641923,1.297836731,5135384,0.5135384
"10,000,000","10,000",1512,2688,639606,1.228837608,5116848,0.5116848
"10,000,000","10,000",1512,2688,637833,1.183511072,5102664,0.5102664
"10,000,000","10,000",1512,2688,641617,1.18058332,5132936,0.5132936
"10,000,000","10,000",1512,2688,628467,1.188533896,5027736,0.5027736
"10,000,000","10,000",1512,2688,632034,1.216579261,5056272,0.5056272
"10,000,000","10,000",1512,2688,705712,1.648203909,5645696,0.5645696
"10,000,000","10,000",1512,2688,704988,1.625972314,5639904,0.5639904
"10,000,000","10,000",1512,2688,712517,1.326093742,5700136,0.5700136
"10,000,000","10,000",1512,2688,709807,1.62707912,5678456,0.5678456
"10,000,000","10,000",1512,2688,708224,1.359734915,5665792,0.5665792
"10,000,000","10,000",1512,2688,707459,1.328957507,5659672,0.5659672
"10,000,000","10,000",1512,2688,712379,1.377760863,5699032,0.5699032
"10,000,000","10,000",1512,2688,708712,1.479144586,5669696,0.5669696
"10,000,000","10,000",1512,2688,706686,1.35554073,5653488,0.5653488
"10,000,000","10,000",1512,2688,704706,1.440182281,5637648,0.5637648
"10,000,000","10,000",1512,2688,714217,1.44946716,5713736,0.5713736
"10,000,000","10,000",1512,2688,712033,1.355637604,5696264,0.5696264
"10,000,000","10,000",1512,2688,709704,1.29126364,5677632,0.5677632
"10,000,000","10,000",1512,2688,708609,1.23524755,5668872,0.5668872
"10,000,000","10,000",1512,2688,714397,1.264747133,5715176,0.5715176
"10,000,000","10,000",1512,2688,710715,1.25557902,5685720,0.568572
"10,000,000","10,000",1512,2688,708818,1.427909077,5670544,0.5670544
"10,000,000","10,000",1512,2688,707149,1.575671797,5657192,0.5657192
"10,000,000","10,000",1512,2688,715098,1.564171875,5720784,0.5720784
"10,000,000","10,000",1512,2688,710943,2.80464262,5687544,0.5687544
"10,000,000","10,000",1512,2688,706597,1.42468795,5652776,0.5652776
"10,000,000","10,000",1512,2688,704385,1.375814611,5635080,0.563508
"10,000,000","10,000",1512,2688,711200,1.3497784,5689600,0.56896
"10,000,000","10,000",1512,2688,707016,1.351864391,5656128,0.5656128
"10,000,000","10,000",1512,2688,703219,1.360387081,5625752,0.5625752
"5,000,000","5,000",756,1344,88221,1.714097336,705768,0.1411536
"5,000,000","5,000",756,1344,87787,0.888048201,702296,0.1404592
"5,000,000","5,000",756,1344,87503,0.793689438,700024,0.1400048
"5,000,000","5,000",756,1344,86774,0.766599962,694192,0.1388384
"5,000,000","5,000",756,1344,85889,0.82742079,687112,0.1374224
"5,000,000","5,000",756,1344,86245,0.821337047,689960,0.137992
"5,000,000","5,000",756,1344,86619,0.765560883,692952,0.1385904
"5,000,000","5,000",756,1344,86704,1.433781406,693632,0.1387264
"5,000,000","5,000",756,1344,86269,0.744601762,690152,0.1380304
"5,000,000","5,000",756,1344,86045,0.770357982,688360,0.137672
"5,000,000","5,000",756,1344,86286,0.772285266,690288,0.1380576
"5,000,000","5,000",756,1344,85853,0.783796277,686824,0.1373648
"5,000,000","5,000",756,1344,85569,0.742665793,684552,0.1369104
"5,000,000","5,000",756,1344,85785,0.772020438,686280,0.137256
"5,000,000","5,000",756,1344,85713,0.743535575,685704,0.1371408
"5,000,000","5,000",756,1344,85544,0.756705301,684352,0.1368704
"5,000,000","5,000",756,1344,85319,0.767291911,682552,0.1365104
"5,000,000","5,000",756,1344,86461,0.779440624,691688,0.1383376
"5,000,000","5,000",756,1344,85054,0.760401942,680432,0.1360864
"5,000,000","5,000",756,1344,82138,0.829706289,657104,0.1314208
"5,000,000","5,000",756,1344,85642,0.770303225,685136,0.1370272
"5,000,000","5,000",756,1344,87977,0.789292063,703816,0.1407632
"5,000,000","5,000",756,1344,88030,0.799969018,704240,0.140848
"5,000,000","5,000",756,1344,89272,0.912239387,714176,0.1428352
"5,000,000","5,000",756,1344,89321,0.790674533,714568,0.1429136
"5,000,000","5,000",756,1344,96755,0.877068607,774040,0.154808
"5,000,000","5,000",756,1344,96206,0.770599879,769648,0.1539296
"5,000,000","5,000",756,1344,96566,0.75571531,772528,0.1545056
"5,000,000","5,000",756,1344,96902,0.786742281,775216,0.1550432
"5,000,000","5,000",756,1344,96906,0.800311235,775248,0.1550496
"5,000,000","5,000",756,1344,96271,0.796538808,770168,0.1540336
"5,000,000","5,000",756,1344,96591,0.857226522,772728,0.1545456
"5,000,000","5,000",756,1344,97010,0.789061866,776080,0.155216
"5,000,000","5,000",756,1344,96819,0.788207985,774552,0.1549104
"5,000,000","5,000",756,1344,96107,0.791308149,768856,0.1537712
"5,000,000","5,000",756,1344,96685,0.778524131,773480,0.154696
"5,000,000","5,000",756,1344,96714,0.775808217,773712,0.1547424
"5,000,000","5,000",756,1344,96686,0.768903931,773488,0.1546976
"5,000,000","5,000",756,1344,96188,0.802475415,769504,0.1539008
"5,000,000","5,000",756,1344,96635,0.796486806,773080,0.154616
"5,000,000","5,000",756,1344,96313,0.800671266,770504,0.1541008
"5,000,000","5,000",756,1344,96567,0.80569669,772536,0.1545072
"5,000,000","5,000",756,1344,96367,0.805561963,770936,0.1541872
"5,000,000","5,000",756,1344,96560,0.80528415,772480,0.154496
"5,000,000","5,000",756,1344,96799,0.802602481,774392,0.1548784
"5,000,000","5,000",756,1344,96757,0.87668311,774056,0.1548112
"5,000,000","5,000",756,1344,96368,0.827148502,770944,0.1541888
"5,000,000","5,000",756,1344,96900,0.786586737,775200,0.15504
"5,000,000","5,000",756,1344,97049,0.789894382,776392,0.1552784
"5,000,000","5,000",756,1344,97243,0.810109292,777944,0.1555888
"5,000,000","5,000",1071,1904,215903,1.156002252,1727224,0.3454448
"5,000,000","5,000",1071,1904,214996,0.998447216,1719968,0.3439936
"5,000,000","5,000",1071,1904,216477,1.024555607,1731816,0.3463632
"5,000,000","5,000",1071,1904,216720,1.005057966,1733760,0.346752
"5,000,000","5,000",1071,1904,218447,1.441091626,1747576,0.3495152
"5,000,000","5,000",1071,1904,218489,1.001836219,1747912,0.3495824
"5,000,000","5,000",1071,1904,218929,0.999411045,1751432,0.3502864
"5,000,000","5,000",1071,1904,218778,1.022897359,1750224,0.3500448
"5,000,000","5,000",1071,1904,220561,1.034716464,1764488,0.3528976
"5,000,000","5,000",1071,1904,220218,1.157874725,1761744,0.3523488
"5,000,000","5,000",1071,1904,219567,0.996240504,1756536,0.3513072
"5,000,000","5,000",1071,1904,219648,1.023905424,1757184,0.3514368
"5,000,000","5,000",1071,1904,219541,1.022828408,1756328,0.3512656
"5,000,000","5,000",1071,1904,219544,1.080566628,1756352,0.3512704
"5,000,000","5,000",1071,1904,219818,1.07627917,1758544,0.3517088
"5,000,000","5,000",1071,1904,218978,1.056450671,1751824,0.3503648
"5,000,000","5,000",1071,1904,221126,1.090360904,1769008,0.3538016
"5,000,000","5,000",1071,1904,220445,1.009531285,1763560,0.352712
"5,000,000","5,000",1071,1904,219813,1.031784042,1758504,0.3517008
"5,000,000","5,000",1071,1904,219378,1.078976576,1755024,0.3510048
"5,000,000","5,000",1071,1904,221288,1.011655544,1770304,0.3540608
"5,000,000","5,000",1071,1904,218395,1.007918702,1747160,0.349432
"5,000,000","5,000",1071,1904,218916,1.148952864,1751328,0.3502656
"5,000,000","5,000",1071,1904,220166,1.110723906,1761328,0.3522656
"5,000,000","5,000",1071,1904,220119,1.02305109,1760952,0.3521904
"5,000,000","5,000",1071,1904,148762,0.930537866,1190096,0.2380192
"5,000,000","5,000",1071,1904,147224,0.922237227,1177792,0.2355584
"5,000,000","5,000",1071,1904,147721,0.952976546,1181768,0.2363536
"5,000,000","5,000",1071,1904,148670,0.911969627,1189360,0.237872
"5,000,000","5,000",1071,1904,155683,0.937989497,1245464,0.2490928
"5,000,000","5,000",1071,1904,156004,1.058649348,1248032,0.2496064
"5,000,000","5,000",1071,1904,158083,0.891255523,1264664,0.2529328
"5,000,000","5,000",1071,1904,159388,1.065692477,1275104,0.2550208
"5,000,000","5,000",1071,1904,162470,0.937042316,1299760,0.259952
"5,000,000","5,000",1071,1904,163457,0.933564275,1307656,0.2615312
"5,000,000","5,000",1071,1904,160916,0.886691581,1287328,0.2574656
"5,000,000","5,000",1071,1904,160705,0.908313335,1285640,0.257128
"5,000,000","5,000",1071,1904,165934,0.907713074,1327472,0.2654944
"5,000,000","5,000",1071,1904,160918,0.90951774,1287344,0.2574688
"5,000,000","5,000",1071,1904,162966,0.970430169,1303728,0.2607456
"5,000,000","5,000",1071,1904,164590,0.898379333,1316720,0.263344
"5,000,000","5,000",1071,1904,169428,0.972812398,1355424,0.2710848
"5,000,000","5,000",1071,1904,166048,0.92617152,1328384,0.2656768
"5,000,000","5,000",1071,1904,165121,0.928566461,1320968,0.2641936
"5,000,000","5,000",1071,1904,164485,0.897979866,1315880,0.263176
"5,000,000","5,000",1071,1904,167841,0.908596889,1342728,0.2685456
"5,000,000","5,000",1071,1904,164473,0.962733682,1315784,0.2631568
"5,000,000","5,000",1071,1904,164911,0.926826054,1319288,0.2638576
"5,000,000","5,000",1071,1904,165004,0.991373135,1320032,0.2640064
"5,000,000","5,000",1071,1904,171185,0.919383256,1369480,0.273896
"5,000,000","5,000",1512,2688,657912,1.818735363,5263296,1.0526592
"5,000,000","5,000",1512,2688,653595,1.894078007,5228760,1.045752
"5,000,000","5,000",1512,2688,665971,1.896902364,5327768,1.0655536
"5,000,000","5,000",1512,2688,657277,1.953912069,5258216,1.0516432
"5,000,000","5,000",1512,2688,652841,1.833161919,5222728,1.0445456
"5,000,000","5,000",1512,2688,652694,1.804964627,5221552,1.0443104
"5,000,000","5,000",1512,2688,665188,1.917355103,5321504,1.0643008
"5,000,000","5,000",1512,2688,654533,1.983906087,5236264,1.0472528
"5,000,000","5,000",1512,2688,652190,2.005281112,5217520,1.043504
"5,000,000","5,000",1512,2688,649918,1.958717174,5199344,1.0398688
"5,000,000","5,000",1512,2688,655144,1.879881664,5241152,1.0482304
"5,000,000","5,000",1512,2688,651740,1.906675136,5213920,1.042784
"5,000,000","5,000",1512,2688,650993,1.863867564,5207944,1.0415888
"5,000,000","5,000",1512,2688,647780,1.842035807,5182240,1.036448
"5,000,000","5,000",1512,2688,658329,2.126780953,5266632,1.0533264
"5,000,000","5,000",1512,2688,651466,1.889134887,5211728,1.0423456
"5,000,000","5,000",1512,2688,646869,1.852067473,5174952,1.0349904
"5,000,000","5,000",1512,2688,646254,1.818929044,5170032,1.0340064
"5,000,000","5,000",1512,2688,653335,1.776484371,5226680,1.045336
"5,000,000","5,000",1512,2688,641923,1.766427612,5135384,1.0270768
"5,000,000","5,000",1512,2688,639606,1.777290702,5116848,1.0233696
"5,000,000","5,000",1512,2688,637833,1.752760169,5102664,1.0205328
"5,000,000","5,000",1512,2688,641617,1.772748698,5132936,1.0265872
"5,000,000","5,000",1512,2688,628467,1.932603677,5027736,1.0055472
"5,000,000","5,000",1512,2688,632034,1.735732769,5056272,1.0112544
"5,000,000","5,000",1512,2688,705712,2.091848529,5645696,1.1291392
"5,000,000","5,000",1512,2688,704988,1.887985472,5639904,1.1279808
"5,000,000","5,000",1512,2688,712517,1.987776533,5700136,1.1400272
"5,000,000","5,000",1512,2688,709807,1.850500323,5678456,1.1356912
"5,000,000","5,000",1512,2688,708224,1.903954243,5665792,1.1331584
"5,000,000","5,000",1512,2688,707459,1.883166392,5659672,1.1319344
"5,000,000","5,000",1512,2688,712379,1.885776046,5699032,1.1398064
"5,000,000","5,000",1512,2688,708712,1.87755656,5669696,1.1339392
"5,000,000","5,000",1512,2688,706686,1.891301308,5653488,1.1306976
"5,000,000","5,000",1512,2688,704706,1.96615874,5637648,1.1275296
"5,000,000","5,000",1512,2688,714217,2.061455503,5713736,1.1427472
"5,000,000","5,000",1512,2688,712033,2.200614029,5696264,1.1392528
"5,000,000","5,000",1512,2688,709704,1.862625084,5677632,1.1355264
"5,000,000","5,000",1512,2688,708609,1.867181941,5668872,1.1337744
"5,000,000","5,000",1512,2688,714397,1.874308829,5715176,1.1430352
"5,000,000","5,000",1512,2688,710715,1.929348682,5685720,1.137144
"5,000,000","5,000",1512,2688,708818,1.983226494,5670544,1.1341088
"5,000,000","5,000",1512,2688,707149,1.888601455,5657192,1.1314384
"5,000,000","5,000",1512,2688,715098,1.945098242,5720784,1.1441568
"5,000,000","5,000",1512,2688,710943,1.888221258,5687544,1.1375088
"5,000,000","5,000",1512,2688,706597,1.90498329,5652776,1.1305552
"5,000,000","5,000",1512,2688,704385,1.862511676,5635080,1.127016
"5,000,000","5,000",1512,2688,711200,1.875573647,5689600,1.13792
"5,000,000","5,000",1512,2688,707016,1.922581948,5656128,1.1312256
"5,000,000","5,000",1512,2688,703219,1.856295053,5625752,1.1251504
"2,000,000","2,000",756,1344,88221,1.072817221,705768,0.352884
"2,000,000","2,000",756,1344,87787,1.034413325,702296,0.351148
"2,000,000","2,000",756,1344,87503,1.012619229,700024,0.350012
"2,000,000","2,000",756,1344,86774,1.067629021,694192,0.347096
"2,000,000","2,000",756,1344,85889,0.983427953,687112,0.343556
"2,000,000","2,000",756,1344,86245,1.000649305,689960,0.34498
"2,000,000","2,000",756,1344,86619,0.978443243,692952,0.346476
"2,000,000","2,000",756,1344,86704,1.009544084,693632,0.346816
"2,000,000","2,000",756,1344,86269,1.004709152,690152,0.345076
"2,000,000","2,000",756,1344,86045,1.002672093,688360,0.34418
"2,000,000","2,000",756,1344,86286,1.0062731,690288,0.345144
"2,000,000","2,000",756,1344,85853,0.992256691,686824,0.343412
"2,000,000","2,000",756,1344,85569,0.990281062,684552,0.342276
"2,000,000","2,000",756,1344,85785,0.977530454,686280,0.34314
"2,000,000","2,000",756,1344,85713,0.995915491,685704,0.342852
"2,000,000","2,000",756,1344,85544,0.982004144,684352,0.342176
"2,000,000","2,000",756,1344,85319,1.012396365,682552,0.341276
"2,000,000","2,000",756,1344,86461,1.009767779,691688,0.345844
"2,000,000","2,000",756,1344,85054,0.978968176,680432,0.340216
"2,000,000","2,000",756,1344,82138,0.984217007,657104,0.328552
"2,000,000","2,000",756,1344,85642,0.978975991,685136,0.342568
"2,000,000","2,000",756,1344,87977,1.105444131,703816,0.351908
"2,000,000","2,000",756,1344,88030,1.005719302,704240,0.35212
"2,000,000","2,000",756,1344,89272,1.008000542,714176,0.357088
"2,000,000","2,000",756,1344,89321,1.018934507,714568,0.357284
"2,000,000","2,000",756,1344,96755,1.055870653,774040,0.38702
"2,000,000","2,000",756,1344,96206,1.050315657,769648,0.384824
"2,000,000","2,000",756,1344,96566,1.054093556,772528,0.386264
"2,000,000","2,000",756,1344,96902,1.147251491,775216,0.387608
"2,000,000","2,000",756,1344,96906,1.341277773,775248,0.387624
"2,000,000","2,000",756,1344,96271,1.026746063,770168,0.385084
"2,000,000","2,000",756,1344,96591,1.046338623,772728,0.386364
"2,000,000","2,000",756,1344,97010,1.065371281,776080,0.38804
"2,000,000","2,000",756,1344,96819,1.060750635,774552,0.387276
"2,000,000","2,000",756,1344,96107,1.04262712,768856,0.384428
"2,000,000","2,000",756,1344,96685,1.057393688,773480,0.38674
"2,000,000","2,000",756,1344,96714,1.034560658,773712,0.386856
"2,000,000","2,000",756,1344,96686,1.090027708,773488,0.386744
"2,000,000","2,000",756,1344,96188,1.050316036,769504,0.384752
"2,000,000","2,000",756,1344,96635,1.034531625,773080,0.38654
"2,000,000","2,000",756,1344,96313,1.036785841,770504,0.385252
"2,000,000","2,000",756,1344,96567,1.029726242,772536,0.386268
"2,000,000","2,000",756,1344,96367,1.037410181,770936,0.385468
"2,000,000","2,000",756,1344,96560,1.077913347,772480,0.38624
"2,000,000","2,000",756,1344,96799,1.036652196,774392,0.387196
"2,000,000","2,000",756,1344,96757,1.062214905,774056,0.387028
"2,000,000","2,000",756,1344,96368,1.058274825,770944,0.385472
"2,000,000","2,000",756,1344,96900,1.055102517,775200,0.3876
"2,000,000","2,000",756,1344,97049,1.140132967,776392,0.388196
"2,000,000","2,000",756,1344,97243,1.036709337,777944,0.388972
"2,000,000","2,000",1071,1904,215903,1.681673373,1727224,0.863612
"2,000,000","2,000",1071,1904,214996,1.667968787,1719968,0.859984
"2,000,000","2,000",1071,1904,216477,1.58650253,1731816,0.865908
"2,000,000","2,000",1071,1904,216720,1.568333879,1733760,0.86688
"2,000,000","2,000",1071,1904,218447,1.584669922,1747576,0.873788
"2,000,000","2,000",1071,1904,218489,1.58831175,1747912,0.873956
"2,000,000","2,000",1071,1904,218929,1.610353695,1751432,0.875716
"2,000,000","2,000",1071,1904,218778,1.609579399,1750224,0.875112
"2,000,000","2,000",1071,1904,220561,1.594141243,1764488,0.882244
"2,000,000","2,000",1071,1904,220218,1.588785742,1761744,0.880872
"2,000,000","2,000",1071,1904,219567,1.592992038,1756536,0.878268
"2,000,000","2,000",1071,1904,219648,1.605387117,1757184,0.878592
"2,000,000","2,000",1071,1904,219541,1.613730361,1756328,0.878164
"2,000,000","2,000",1071,1904,219544,1.614811508,1756352,0.878176
"2,000,000","2,000",1071,1904,219818,1.668659734,1758544,0.879272
"2,000,000","2,000",1071,1904,218978,1.6399202,1751824,0.875912
"2,000,000","2,000",1071,1904,221126,1.595147317,1769008,0.884504
"2,000,000","2,000",1071,1904,220445,1.605460329,1763560,0.88178
"2,000,000","2,000",1071,1904,219813,1.612907496,1758504,0.879252
"2,000,000","2,000",1071,1904,219378,1.593152167,1755024,0.877512
"2,000,000","2,000",1071,1904,221288,1.597630871,1770304,0.885152
"2,000,000","2,000",1071,1904,218395,1.586114886,1747160,0.87358
"2,000,000","2,000",1071,1904,218916,1.596369229,1751328,0.875664
"2,000,000","2,000",1071,1904,220166,1.582791226,1761328,0.880664
"2,000,000","2,000",1071,1904,220119,1.60873831,1760952,0.880476
"2,000,000","2,000",1071,1904,148762,1.321003663,1190096,0.595048
"2,000,000","2,000",1071,1904,147224,1.304753143,1177792,0.588896
"2,000,000","2,000",1071,1904,147721,1.266374897,1181768,0.590884
"2,000,000","2,000",1071,1904,148670,1.315053936,1189360,0.59468
"2,000,000","2,000",1071,1904,155683,1.295321919,1245464,0.622732
"2,000,000","2,000",1071,1904,156004,1.291535233,1248032,0.624016
"2,000,000","2,000",1071,1904,158083,1.326257457,1264664,0.632332
"2,000,000","2,000",1071,1904,159388,1.314930997,1275104,0.637552
"2,000,000","2,000",1071,1904,162470,1.32216822,1299760,0.64988
"2,000,000","2,000",1071,1904,163457,1.399638461,1307656,0.653828
"2,000,000","2,000",1071,1904,160916,1.337486895,1287328,0.643664
"2,000,000","2,000",1071,1904,160705,1.382920418,1285640,0.64282
"2,000,000","2,000",1071,1904,165934,1.328512957,1327472,0.663736
"2,000,000","2,000",1071,1904,160918,1.335958085,1287344,0.643672
"2,000,000","2,000",1071,1904,162966,1.360670605,1303728,0.651864
"2,000,000","2,000",1071,1904,164590,1.343560296,1316720,0.65836
"2,000,000","2,000",1071,1904,169428,1.358206056,1355424,0.677712
"2,000,000","2,000",1071,1904,166048,1.345282476,1328384,0.664192
"2,000,000","2,000",1071,1904,165121,1.35040857,1320968,0.660484
"2,000,000","2,000",1071,1904,164485,1.327702837,1315880,0.65794
"2,000,000","2,000",1071,1904,167841,1.403669884,1342728,0.671364
"2,000,000","2,000",1071,1904,164473,1.329921193,1315784,0.657892
"2,000,000","2,000",1071,1904,164911,1.430341489,1319288,0.659644
"2,000,000","2,000",1071,1904,165004,1.343069378,1320032,0.660016
"2,000,000","2,000",1071,1904,171185,1.382155735,1369480,0.68474
"2,000,000","2,000",1512,2688,657912,3.54629032,5263296,2.631648
"2,000,000","2,000",1512,2688,653595,3.501961569,5228760,2.61438
"2,000,000","2,000",1512,2688,665971,3.553136688,5327768,2.663884
"2,000,000","2,000",1512,2688,657277,3.507217087,5258216,2.629108
"2,000,000","2,000",1512,2688,652841,3.869394107,5222728,2.611364
"2,000,000","2,000",1512,2688,652694,3.537554265,5221552,2.610776
"2,000,000","2,000",1512,2688,665188,3.560747699,5321504,2.660752
"2,000,000","2,000",1512,2688,654533,3.601323814,5236264,2.618132
"2,000,000","2,000",1512,2688,652190,3.499863111,5217520,2.60876
"2,000,000","2,000",1512,2688,649918,3.481068255,5199344,2.599672
"2,000,000","2,000",1512,2688,655144,3.511749955,5241152,2.620576
"2,000,000","2,000",1512,2688,651740,3.528423861,5213920,2.60696
"2,000,000","2,000",1512,2688,650993,3.488592275,5207944,2.603972
"2,000,000","2,000",1512,2688,647780,3.477791012,5182240,2.59112
"2,000,000","2,000",1512,2688,658329,3.547924887,5266632,2.633316
"2,000,000","2,000",1512,2688,651466,3.515625562,5211728,2.605864
"2,000,000","2,000",1512,2688,646869,3.531164495,5174952,2.587476
"2,000,000","2,000",1512,2688,646254,3.446297699,5170032,2.585016
"2,000,000","2,000",1512,2688,653335,3.518232559,5226680,2.61334
"2,000,000","2,000",1512,2688,641923,3.474188951,5135384,2.567692
"2,000,000","2,000",1512,2688,639606,3.431406759,5116848,2.558424
"2,000,000","2,000",1512,2688,637833,3.433441543,5102664,2.551332
"2,000,000","2,000",1512,2688,641617,3.433206673,5132936,2.566468
"2,000,000","2,000",1512,2688,628467,3.497958396,5027736,2.513868
"2,000,000","2,000",1512,2688,632034,3.543705956,5056272,2.528136
"2,000,000","2,000",1512,2688,705712,3.997934532,5645696,2.822848
"2,000,000","2,000",1512,2688,704988,3.725220359,5639904,2.819952
"2,000,000","2,000",1512,2688,712517,3.782999601,5700136,2.850068
"2,000,000","2,000",1512,2688,709807,3.743147873,5678456,2.839228
"2,000,000","2,000",1512,2688,708224,3.962697664,5665792,2.832896
"2,000,000","2,000",1512,2688,707459,3.736902167,5659672,2.829836
"2,000,000","2,000",1512,2688,712379,3.741833467,5699032,2.849516
"2,000,000","2,000",1512,2688,708712,3.729333655,5669696,2.834848
"2,000,000","2,000",1512,2688,706686,3.738009575,5653488,2.826744
"2,000,000","2,000",1512,2688,704706,3.743725753,5637648,2.818824
"2,000,000","2,000",1512,2688,714217,3.747630902,5713736,2.856868
"2,000,000","2,000",1512,2688,712033,3.765059436,5696264,2.848132
"2,000,000","2,000",1512,2688,709704,4.065634997,5677632,2.838816
"2,000,000","2,000",1512,2688,708609,3.752253541,5668872,2.834436
"2,000,000","2,000",1512,2688,714397,3.741797574,5715176,2.857588
"2,000,000","2,000",1512,2688,710715,3.753819635,5685720,2.84286
"2,000,000","2,000",1512,2688,708818,3.774969331,5670544,2.835272
"2,000,000","2,000",1512,2688,707149,3.815514936,5657192,2.828596
"2,000,000","2,000",1512,2688,715098,3.776864358,5720784,2.860392
"2,000,000","2,000",1512,2688,710943,3.764235825,5687544,2.843772
"2,000,000","2,000",1512,2688,706597,3.740223276,5652776,2.826388
"2,000,000","2,000",1512,2688,704385,3.72160677,5635080,2.81754
"2,000,000","2,000",1512,2688,711200,3.763660846,5689600,2.8448
"2,000,000","2,000",1512,2688,707016,3.734076795,5656128,2.828064
"2,000,000","2,000",1512,2688,703219,3.742922156,5625752,2.812876
"1,000,000","1,000",756,1344,88221,1.830319607,705768,0.705768
"1,000,000","1,000",756,1344,87787,1.576858464,702296,0.702296
"1,000,000","1,000",756,1344,87503,1.46653057,700024,0.700024
"1,000,000","1,000",756,1344,86774,1.466711466,694192,0.694192
"1,000,000","1,000",756,1344,85889,1.513374656,687112,0.687112
"1,000,000","1,000",756,1344,86245,1.837681065,689960,0.68996
"1,000,000","1,000",756,1344,86619,1.554408181,692952,0.692952
"1,000,000","1,000",756,1344,86704,1.555743777,693632,0.693632
"1,000,000","1,000",756,1344,86269,1.5596614,690152,0.690152
"1,000,000","1,000",756,1344,86045,1.539548482,688360,0.68836
"1,000,000","1,000",756,1344,86286,1.503349555,690288,0.690288
"1,000,000","1,000",756,1344,85853,1.504159578,686824,0.686824
"1,000,000","1,000",756,1344,85569,1.485375704,684552,0.684552
"1,000,000","1,000",756,1344,85785,1.530290319,686280,0.68628
"1,000,000","1,000",756,1344,85713,1.444320747,685704,0.685704
"1,000,000","1,000",756,1344,85544,1.496609717,684352,0.684352
"1,000,000","1,000",756,1344,85319,1.443072561,682552,0.682552
"1,000,000","1,000",756,1344,86461,1.40833565,691688,0.691688
"1,000,000","1,000",756,1344,85054,1.480409604,680432,0.680432
"1,000,000","1,000",756,1344,82138,1.440432099,657104,0.657104
"1,000,000","1,000",756,1344,85642,1.491452731,685136,0.685136
"1,000,000","1,000",756,1344,87977,1.522797618,703816,0.703816
"1,000,000","1,000",756,1344,88030,1.651210626,704240,0.70424
"1,000,000","1,000",756,1344,89272,1.745179916,714176,0.714176
"1,000,000","1,000",756,1344,89321,1.555994176,714568,0.714568
"1,000,000","1,000",756,1344,96755,1.498835895,774040,0.77404
"1,000,000","1,000",756,1344,96206,1.469850232,769648,0.769648
"1,000,000","1,000",756,1344,96566,1.462938217,772528,0.772528
"1,000,000","1,000",756,1344,96902,1.48662883,775216,0.775216
"1,000,000","1,000",756,1344,96906,1.47822568,775248,0.775248
"1,000,000","1,000",756,1344,96271,1.439608645,770168,0.770168
"1,000,000","1,000",756,1344,96591,1.467876755,772728,0.772728
"1,000,000","1,000",756,1344,97010,1.475631203,776080,0.77608
"1,000,000","1,000",756,1344,96819,1.489223827,774552,0.774552
"1,000,000","1,000",756,1344,96107,1.453431815,768856,0.768856
"1,000,000","1,000",756,1344,96685,1.520787667,773480,0.77348
"1,000,000","1,000",756,1344,96714,1.461387863,773712,0.773712
"1,000,000","1,000",756,1344,96686,1.448183278,773488,0.773488
"1,000,000","1,000",756,1344,96188,1.46758588,769504,0.769504
"1,000,000","1,000",756,1344,96635,1.469923991,773080,0.77308
"1,000,000","1,000",756,1344,96313,1.458713007,770504,0.770504
"1,000,000","1,000",756,1344,96567,1.457831896,772536,0.772536
"1,000,000","1,000",756,1344,96367,1.466368636,770936,0.770936
"1,000,000","1,000",756,1344,96560,1.4514815,772480,0.77248
"1,000,000","1,000",756,1344,96799,1.492469975,774392,0.774392
"1,000,000","1,000",756,1344,96757,1.476397065,774056,0.774056
"1,000,000","1,000",756,1344,96368,1.458749969,770944,0.770944
"1,000,000","1,000",756,1344,96900,1.509115509,775200,0.7752
"1,000,000","1,000",756,1344,97049,1.464730652,776392,0.776392
"1,000,000","1,000",756,1344,97243,1.492933893,777944,0.777944
"1,000,000","1,000",1071,1904,215903,2.552220921,1727224,1.727224
"1,000,000","1,000",1071,1904,214996,2.494889023,1719968,1.719968
"1,000,000","1,000",1071,1904,216477,2.534274839,1731816,1.731816
"1,000,000","1,000",1071,1904,216720,2.54868698,1733760,1.73376
"1,000,000","1,000",1071,1904,218447,2.570640108,1747576,1.747576
"1,000,000","1,000",1071,1904,218489,2.531520944,1747912,1.747912
"1,000,000","1,000",1071,1904,218929,2.542919506,1751432,1.751432
"1,000,000","1,000",1071,1904,218778,2.586745516,1750224,1.750224
"1,000,000","1,000",1071,1904,220561,2.560531138,1764488,1.764488
"1,000,000","1,000",1071,1904,220218,2.576374922,1761744,1.761744
"1,000,000","1,000",1071,1904,219567,2.540107799,1756536,1.756536
"1,000,000","1,000",1071,1904,219648,2.565456049,1757184,1.757184
"1,000,000","1,000",1071,1904,219541,2.547887867,1756328,1.756328
"1,000,000","1,000",1071,1904,219544,2.582933505,1756352,1.756352
"1,000,000","1,000",1071,1904,219818,2.607564769,1758544,1.758544
"1,000,000","1,000",1071,1904,218978,2.594450774,1751824,1.751824
"1,000,000","1,000",1071,1904,221126,2.561584329,1769008,1.769008
"1,000,000","1,000",1071,1904,220445,2.562320851,1763560,1.76356
"1,000,000","1,000",1071,1904,219813,2.579527243,1758504,1.758504
"1,000,000","1,000",1071,1904,219378,2.558173415,1755024,1.755024
"1,000,000","1,000",1071,1904,221288,2.588318283,1770304,1.770304
"1,000,000","1,000",1071,1904,218395,2.573294767,1747160,1.74716
"1,000,000","1,000",1071,1904,218916,2.546709484,1751328,1.751328
"1,000,000","1,000",1071,1904,220166,2.571808139,1761328,1.761328
"1,000,000","1,000",1071,1904,220119,2.546078186,1760952,1.760952
"1,000,000","1,000",1071,1904,148762,2.188794598,1190096,1.190096
"1,000,000","1,000",1071,1904,147224,1.915973745,1177792,1.177792
"1,000,000","1,000",1071,1904,147721,1.958052716,1181768,1.181768
"1,000,000","1,000",1071,1904,148670,1.908704913,1189360,1.18936
"1,000,000","1,000",1071,1904,155683,2.091148135,1245464,1.245464
"1,000,000","1,000",1071,1904,156004,2.17323099,1248032,1.248032
"1,000,000","1,000",1071,1904,158083,2.289000888,1264664,1.264664
"1,000,000","1,000",1071,1904,159388,2.226803861,1275104,1.275104
"1,000,000","1,000",1071,1904,162470,2.16203356,1299760,1.29976
"1,000,000","1,000",1071,1904,163457,2.49074816,1307656,1.307656
"1,000,000","1,000",1071,1904,160916,2.16547321,1287328,1.287328
"1,000,000","1,000",1071,1904,160705,2.260925654,1285640,1.28564
"1,000,000","1,000",1071,1904,165934,2.239105051,1327472,1.327472
"1,000,000","1,000",1071,1904,160918,2.308734177,1287344,1.287344
"1,000,000","1,000",1071,1904,162966,2.364762225,1303728,1.303728
"1,000,000","1,000",1071,1904,164590,2.166119757,1316720,1.31672
"1,000,000","1,000",1071,1904,169428,2.245045299,1355424,1.355424
"1,000,000","1,000",1071,1904,166048,2.141314158,1328384,1.328384
"1,000,000","1,000",1071,1904,165121,2.256806274,1320968,1.320968
"1,000,000","1,000",1071,1904,164485,2.229927027,1315880,1.31588
"1,000,000","1,000",1071,1904,167841,2.254838261,1342728,1.342728
"1,000,000","1,000",1071,1904,164473,2.244918008,1315784,1.315784
"1,000,000","1,000",1071,1904,164911,2.159935683,1319288,1.319288
"1,000,000","1,000",1071,1904,165004,2.134055543,1320032,1.320032
"1,000,000","1,000",1071,1904,171185,2.491203103,1369480,1.36948
"1,000,000","1,000",1512,2688,657912,6.49503884,5263296,5.263296
"1,000,000","1,000",1512,2688,653595,6.436721632,5228760,5.22876
"1,000,000","1,000",1512,2688,665971,6.514218309,5327768,5.327768
"1,000,000","1,000",1512,2688,657277,6.460921981,5258216,5.258216
"1,000,000","1,000",1512,2688,652841,6.375904959,5222728,5.222728
"1,000,000","1,000",1512,2688,652694,6.501962374,5221552,5.221552
"1,000,000","1,000",1512,2688,665188,6.509753549,5321504,5.321504
"1,000,000","1,000",1512,2688,654533,6.434292945,5236264,5.236264
"1,000,000","1,000",1512,2688,652190,6.384222882,5217520,5.21752
"1,000,000","1,000",1512,2688,649918,6.385234361,5199344,5.199344
"1,000,000","1,000",1512,2688,655144,6.417685862,5241152,5.241152
"1,000,000","1,000",1512,2688,651740,6.358619838,5213920,5.21392
"1,000,000","1,000",1512,2688,651740,6.407871323,5213920,5.21392
"1,000,000","1,000",1512,2688,647780,6.341415141,5182240,5.18224
"1,000,000","1,000",1512,2688,658329,6.424446144,5266632,5.266632
"1,000,000","1,000",1512,2688,651466,6.418168924,5211728,5.211728
"1,000,000","1,000",1512,2688,646869,6.414671918,5174952,5.174952
"1,000,000","1,000",1512,2688,646254,6.34710068,5170032,5.170032
"1,000,000","1,000",1512,2688,653335,6.36154091,5226680,5.22668
"1,000,000","1,000",1512,2688,641923,6.305539117,5135384,5.135384
"1,000,000","1,000",1512,2688,639606,6.343861536,5116848,5.116848
"1,000,000","1,000",1512,2688,637833,6.247453983,5102664,5.102664
"1,000,000","1,000",1512,2688,641617,6.288680066,5132936,5.132936
"1,000,000","1,000",1512,2688,628467,6.181371694,5027736,5.027736
"1,000,000","1,000",1512,2688,632034,6.211579416,5056272,5.056272
"1,000,000","1,000",1512,2688,705712,6.902688101,5645696,5.645696
"1,000,000","1,000",1512,2688,704988,6.838770758,5639904,5.639904
"1,000,000","1,000",1512,2688,712517,6.930797659,5700136,5.700136
"1,000,000","1,000",1512,2688,709807,6.897023173,5678456,5.678456
"1,000,000","1,000",1512,2688,708224,6.953105022,5665792,5.665792
"1,000,000","1,000",1512,2688,707459,6.906987262,5659672,5.659672
"1,000,000","1,000",1512,2688,712379,6.893027144,5699032,5.699032
"1,000,000","1,000",1512,2688,708712,6.926159303,5669696,5.669696
"1,000,000","1,000",1512,2688,706686,7.113628533,5653488,5.653488
"1,000,000","1,000",1512,2688,704706,7.343771552,5637648,5.637648
"1,000,000","1,000",1512,2688,714217,6.927637704,5713736,5.713736
"1,000,000","1,000",1512,2688,712033,6.905414532,5696264,5.696264
"1,000,000","1,000",1512,2688,709704,6.888109466,5677632,5.677632
"1,000,000","1,000",1512,2688,708609,6.900149095,5668872,5.668872
"1,000,000","1,000",1512,2688,714397,7.352619151,5715176,5.715176
"1,000,000","1,000",1512,2688,710715,6.915995631,5685720,5.68572
"1,000,000","1,000",1512,2688,708818,6.891498347,5670544,5.670544
"1,000,000","1,000",1512,2688,707149,6.864460827,5657192,5.657192
"1,000,000","1,000",1512,2688,715098,7.023820922,5720784,5.720784
"1,000,000","1,000",1512,2688,710943,6.894240793,5687544,5.687544
"1,000,000","1,000",1512,2688,706597,6.880584207,5652776,5.652776
"1,000,000","1,000",1512,2688,704385,6.859734234,5635080,5.63508
"1,000,000","1,000",1512,2688,711200,6.909395651,5689600,5.6896
"1,000,000","1,000",1512,2688,707016,6.9067387,5656128,5.656128
"1,000,000","1,000",1512,2688,703219,6.853688733,5625752,5.625752